Proveedor o contratista,Importe del contrato
Lumafesa S De Rl De Cv,108.6300631
Polar Hospitalaria Sa De Cv,116.17836023999999
Farmaceuticos Maypo Sa De Cv,118.48766991
Viter Medical Sa De Cv,120.85245998
Electronica Y Medicina Sa,133.455212368
Ge Sistemas Medicos De Mexico Sa De Cv,151.35969572029998
Siemens Healthcare Diagnostics S De Rl De Cv,184.468798428
Vitalmex Internacional Sa De Cv,216.4961835
Tecnologias Eos Medical Sa De Cv,270.4108487
Nudomi Sa De Cv,318.44322083000003
